{
  "fx": 962.9757458395377,
  "fy": 964.7319079159134,
  "cx": 609.0068303561111,
  "cy": 358.149222322233,
  "distortion": [
    0.038690902257949855,
    -0.13170957257776478,
    0.0012444841591188166,
    0.0004654461793799012,
    0.004691032497739575
  ],
  "reprojection_error_px": 0.29947122102188095,
  "image_count": 25,
  "pattern": [
    9,
    6
  ],
  "square_size_mm": 25.0,
  "calibrated_at": "2026-05-05T21:22:23"
}